admin,admin,admin,8c6976e5b5410415bde908bd4dee15dfb167a9c873fc4bb8a81f6f2ab448a918,admin,"2 bd lucien favre"
admission,admission,admission,8c6976e5b5410415bde908bd4dee15dfb167a9c873fc4bb8a81f6f2ab448a918,"Responsable admission"
Louis,Travaux,travauxlou@cy-tech.fr,8c6976e5b5410415bde908bd4dee15dfb167a9c873fc4bb8a81f6f2ab448a918,eleve,"1 chemin de essai"
Baptiste,Hennuy,hennuybapt@cy-tech.fr,8c6976e5b5410415bde908bd4dee15dfb167a9c873fc4bb8a81f6f2ab448a918,eleve
Susan,Benoit,SusanBenoit@cy-tech.fr,b90f1a9f17c607e6d06599ac87a8e66007067e17f00e17371ec3ade20e95dcd3,eleve
Denis,de,Denisde@cy-tech.fr,2f2e18f36b5c58b61e967e08708767c3b7e6b396a0783d89df43d50a5d981bad,eleve
Théodore,Nicolas,ThéodoreNicolas@cy-tech.fr,b8c332481267f25a2389d9b0f36642bb312d3ba9170b0d446acdec85124cafed,eleve
Marguerite,Gauthier,MargueriteGauthier@cy-tech.fr,a0a9dd03d337d2eba5df62d5316526bda4e3252aafeaad3b62b67c8021453afb,eleve
Stéphane,Ramos,StéphaneRamos@cy-tech.fr,9464e80ec84e90ce767e5fee296ecd875a42d58d7f4ffa4b3c126cbb08202226,eleve
Margaret,Chauvin,MargaretChauvin@cy-tech.fr,fb0ecd04b8b0d22c857e276036f2efd1944b8bf4fb57b1d3b1ff5cad3ca43cbc,eleve
Philippine-Maryse,Pruvost,Philippine-MarysePruvost@cy-tech.fr,0b8f3856fca0a54cb4db978dd0d48ddf1ce8428b7f07c5b986a56644cc2402b2,eleve
Rémy,Berger,RémyBerger@cy-tech.fr,575b5e4616a0d1a6a72cd469139b7beea2dcabbd4418f372727e170acbb48d78,eleve
Joseph,Richard,JosephRichard@cy-tech.fr,9f4e7a7ace1ade7f731744c7d1529152e9a79cb1554a7794520a19278ee76c9d,eleve
Jules,Tanguy,JulesTanguy@cy-tech.fr,d24eaf130add35c522850df29e72cd574e039d52bbe77b80b2ea6a990bf0860c,eleve
Arthur,Duval,ArthurDuval@cy-tech.fr,f7d9a916b973eb876e6c8401e65871a9245c50d7e2de74697362722043207b39,eleve
Marine,Alves-Buisson,MarineAlves-Buisson@cy-tech.fr,dda61bf7891f160198a2f88d37bc9233da8cb04fa1263d90dca18ee82dbea440,eleve
Manon,Sauvage,ManonSauvage@cy-tech.fr,7051e66ae0f78cea7262cfac6583c0f899dbe77b23cf66be6f532936ad406eec,eleve
Thibaut,Turpin,ThibautTurpin@cy-tech.fr,a8e3ca587ce8d8a29c1c70e49d5d0027861fc53729c5eb0b9f4ebd74c1547612,eleve
Élodie,Lopes,ÉlodieLopes@cy-tech.fr,500fc07fc677cede50af08e0bb401212c9e274cfecc26ab0e69bf1a7d0352810,eleve
Julie,Perret,JuliePerret@cy-tech.fr,2fda559ebd839428f0c6c87d77b3a0dc4933f855d017d18dcd0614adc5f599e1,eleve
Gilles,Leleu,GillesLeleu@cy-tech.fr,9af81414036b0bcc6818a4fe790baf834775d613b9645f1495e15d4bdb40c2c9,eleve
Christiane,Gomes,ChristianeGomes@cy-tech.fr,fe4a18b5846c359cb00be6e677c5f1dfa71337456d9910c6b2381dd360b4b6a6,eleve
Théophile,Carre-Charles,ThéophileCarre-Charles@cy-tech.fr,2f0400c9fe7f9ed040d0c432669d398521c8046f6127d862792c818c8efb8af1,eleve
Emmanuel,de,Emmanuelde@cy-tech.fr,076d4b584876321843f8afa21edb84994f8f7778d7a631e483555bcd4d84121a,eleve
Alphonse,Gomes,AlphonseGomes@cy-tech.fr,2896c4e8e1f4fe1e59ea30bcda18a0705a4ff10f44602568834521354ef54c3f,eleve
Benjamin,Rocher,BenjaminRocher@cy-tech.fr,bed962d778331d8e957b92b83499478be9ad391a0578cc5337eb0bb1d8ab6633,eleve
Colette,Peron,ColettePeron@cy-tech.fr,f3282b4b0443cb66057e20c72c5f6533d20baec6a3c86c631cc5816f4361e290,eleve
Claude,De,ClaudeDe@cy-tech.fr,6545a17795d723c015e7655f557c6140cae05bfd911d0028beafbf98e44b206d,eleve
Constance,du,Constancedu@cy-tech.fr,b9dc17342e55165fdca91c0121234e7728fd120d2b4b66bb86bf0d1139e312e5,eleve
Gilbert,Pottier-Lamy,GilbertPottier-Lamy@cy-tech.fr,aa5191e5f417cb0f2c7078f5951bcaa05cfb6849c739095d218c71728a70c6f4,eleve
Marianne-Alex,Carlier,Marianne-AlexCarlier@cy-tech.fr,27a22e48fd61d29540bacd6245a89325c973c14d0d3dd5d463a2278c1dc56368,eleve
Adèle,Le,AdèleLe@cy-tech.fr,9d358f2e1467622f88098f1d3cba9a4de4bb433b4b6949b17d0680b360077203,eleve
Augustin,du,Augustindu@cy-tech.fr,7495857e77029f0562e010d1bbdd95df3f81fae3791153719326411a0c4d8a57,eleve
Jeannine,Henry-Petitjean,JeannineHenry-Petitjean@cy-tech.fr,ab2f27fd9c0dee8b130ef4b2ca91f16cab2b10a283143326bd10f7120c5e5d99,eleve
Augustin,Laroche,AugustinLaroche@cy-tech.fr,09a7eb4a430379cb65bd437eb46cde57547970889a3e25f14262042d37e90e55,eleve
Denis,Julien,DenisJulien@cy-tech.fr,dc5fcb5471f2a5a2796507c806644921d6968dd97fb68f6c6f6d951a286763a3,eleve
Chantal-Alexandria,Riviere,Chantal-AlexandriaRiviere@cy-tech.fr,2e93879c7c82ff46682c1bc7c8516351d05eb3e4a897a2814efd6c2b33a7ad4e,eleve
Benoît,Le,BenoîtLe@cy-tech.fr,a0a2b817544045097ca335e2a538200267e7ad26e4c583888c5bb508fecb9d08,eleve
Alexandrie,Robin,AlexandrieRobin@cy-tech.fr,beaa16357e1662ea9d52aa3c4a13c3a8db79b1865b97a2f84ea16e7966fddb46,eleve
Claire,Courtois,ClaireCourtois@cy-tech.fr,a1ade8b7af63145325fe55cb325b85a913da669552bcfa4f7aba8e8347958923,eleve
Emmanuelle,Vallee,EmmanuelleVallee@cy-tech.fr,cdc1ba8458188583b860f90f0f9e3ae8051f923561c82b135b1f11a76c922646,eleve
Bertrand,Jacquot,BertrandJacquot@cy-tech.fr,3794bc266d0f15d6bd5e7edf9edc4a83ecc0e7f241707a6954af3ce1e496bba6,eleve
Agnès,Torres,AgnèsTorres@cy-tech.fr,1cf80c96469ed90666fc1c4f8430677f3a7aee1f438c294dbb8c7ee3ef755bdc,eleve
Jean,Le,JeanLe@cy-tech.fr,604d9d1c8cb1421ead5c1fcf471fc4e152c12d958c6b423582f36c46cdcdbcc7,eleve
Olivier,Valentin,OlivierValentin@cy-tech.fr,57eb3828136b3fed9f4631ea5d34daa33928dc75c783510ab1b19ccae8f6ae24,eleve
Roger,Dupuis,RogerDupuis@cy-tech.fr,906a17e14d7fb48d4c3103889efedd0809984d9a89e063bd3de736bb64ef7b47,eleve
Madeleine,Loiseau,MadeleineLoiseau@cy-tech.fr,b769535bcb4805ce67144cf620d850931ce0af585f8d5ba5f182b94efeedc3e1,eleve
Frédérique,Hamon,FrédériqueHamon@cy-tech.fr,5d2156dc63db51645114ab10978c15cb0c10e6a300b671958ee836bff11f4355,eleve
Lorraine,Arnaud,LorraineArnaud@cy-tech.fr,a5cae42c19c2ace094f6f917003b4f58e5874a061279c7b3f5ddf59ce1a9db53,eleve
Étienne,Bazin,ÉtienneBazin@cy-tech.fr,62b55097e4c390f45b75b0a705da12e0c2180c843bc73e5c34259ebaa8f87f74,eleve
David,de,Davidde@cy-tech.fr,82d489699003e3992ea992c8823ac1545e03fce83d811c8c6b1c04192c9d324f,eleve
Laure,Hoarau,LaureHoarau@cy-tech.fr,4cc8bcc0c1c06906dd49774190861944436b9d41d1d57ee940c43f6a3485f622,eleve
Claude,Breton,ClaudeBreton@cy-tech.fr,9d8c5696139818e8521be189558720f4c36179d44b216fc5c0d32c885fe0bfb3,eleve
Stéphane,Perrot,StéphanePerrot@cy-tech.fr,ac6b48ca5c8d54ed424ec45ff33b7aeaa3c7bf1c0847dfd26202ad84635b6884,eleve
Alexandria,Dufour,AlexandriaDufour@cy-tech.fr,256f071b87fad6e7d47fd590c557820ac7430f6f6a8a32586b3f7d8696a3591b,eleve
Céline,Marty,CélineMarty@cy-tech.fr,bdec6c17418d05d4ad04b79754855d2f329bbeb511702661a82ba447a2561d65,eleve
Joséphine,Monnier,JoséphineMonnier@cy-tech.fr,b43484878139b9f3f1a7a685a17e0fc7ef906f91d546e5004606a5b0658fb9fd,eleve
Gabrielle,Laine,GabrielleLaine@cy-tech.fr,0d7bdda422f561f8a51d6d12128fb83906c8fe0dca02a243df299fddc492ceda,eleve
Célina,Guibert-Leconte,CélinaGuibert-Leconte@cy-tech.fr,6b73ef58d492ce389e90f3036c8aaee633ae77fa31bf33692abded8d5666f40b,eleve
Thérèse,Gillet,ThérèseGillet@cy-tech.fr,54e66259a4054af99e923891065733d90c2fcf254638c9ad7f62335e1a46c92d,eleve
Jean,Rodriguez,JeanRodriguez@cy-tech.fr,6031dff7eb6c2e7503bdc3aa862e092799a17aa7441eea033450b74e54050172,eleve
Margaux-Chantal,Roy,Margaux-ChantalRoy@cy-tech.fr,9087ea37c949222caeb75fc0af0d9d772cbf6e0699f5b77a8c67071ac16428cf,eleve
Benoît-Nicolas,Loiseau,Benoît-NicolasLoiseau@cy-tech.fr,0d75aaa75483dabeb53e6bbfbc010c7e8b42b0683129768a4bb8fe38f7aea837,eleve
Agathe,Le,AgatheLe@cy-tech.fr,d5a7686b3926544f07f8f19380053eef040969bd97646c0f55268ab562db3729,eleve
Maurice,Dias,MauriceDias@cy-tech.fr,8e6c83461ba96fa7775eac46c5b6ca2b40a57aa9afcf9277daae6de30a684c6f,eleve
Charlotte,Ollivier,CharlotteOllivier@cy-tech.fr,7bebb20068941cd4d7cf7eb2982b10273713e60f7f13605bb461e3433dcdcb42,eleve
Anne-Camille,Muller,Anne-CamilleMuller@cy-tech.fr,c36999e25a1c6c5d87d4e676f250ad0beb641d911cbe5edf4cac2e0584d6ecd1,eleve
Théodore,Henry,ThéodoreHenry@cy-tech.fr,f7fca9109d21a912e28517dcda8762a8f93bf40eb1e308b306588555e4c5554d,eleve
Diane,de,Dianede@cy-tech.fr,8df8563715581e698d06372419cb4c6aa809771dfac58f9720306c70521271e6,eleve
Eugène,Albert,EugèneAlbert@cy-tech.fr,aaa878643bc13fb1a50d6acedebf761682941652c8e4229095dfeba0a4a92e80,eleve
Alexandria,Charpentier,AlexandriaCharpentier@cy-tech.fr,8a0161fbd540cbe50982591ffe3a09fffe78da25354344eb8ca49e4949605a14,eleve
Luc,Voisin,LucVoisin@cy-tech.fr,f4816614e69467d46cefcdb9fed20c3f90393cbbe8b16c7e170c6c9ebfa785b0,eleve
Anne,Pons,AnnePons@cy-tech.fr,088ab8eafae634a8b4e06a9b33ce721df459b8cebefce94ab1184859d66660e9,eleve
Diane,Lebreton,DianeLebreton@cy-tech.fr,da7595db5e5a4896604bf2f2499d54cc486f70d529b239db0449e8d23bf80909,eleve
Manon,de,Manonde@cy-tech.fr,ea23db1f04d326d7aca1eeb92d15aa20a2f60c682fb05b29e6ab3b9624448ef5,eleve
Émile,Poulain,ÉmilePoulain@cy-tech.fr,fa8452cd1af87af0e8c61c90e0d0f7a1041a641db2d5f042673923605e6a3943,eleve
Olivie,Legendre,OlivieLegendre@cy-tech.fr,36ba4cfbace3b7379c92168e139f17b390d0363cac485f0dc9492c6bfc45d05f,eleve
Laurence,Hebert,LaurenceHebert@cy-tech.fr,8e8466ce535dc6b29539495577797eff2c07588ad29da1b9c87fd6033e96b18b,eleve
Josette,Weber,JosetteWeber@cy-tech.fr,33e60941cd88769fef3c69cf757222f2043f81d031a95e21a5f2912c2e8a1b0b,eleve
Adélaïde,Carlier,AdélaïdeCarlier@cy-tech.fr,618edf32055946f24352c744a47096345bc58ad895da1f8a6c3baec982f105c8,eleve
Patricia,Didier,PatriciaDidier@cy-tech.fr,a14133ef6d9bd36de822e1e7aae67c4839adc06ad28d974540eac2e9e533ead9,eleve
Suzanne,Chauvet,SuzanneChauvet@cy-tech.fr,751c0ee2cae0b2f96d6cc6d49e27115d6913960fa23494dec6a0202b831c7bfe,eleve
Jérôme,Prevost,JérômePrevost@cy-tech.fr,d71b769e20de2bfb32f6bde0e2d50c9886fea0af855311725f0a2996e60bbfb6,eleve
Dominique,Lecoq,DominiqueLecoq@cy-tech.fr,943795e55a78e30c68909db75d299f2554932dc1fd4daf2ae3c5d352d459921c,eleve
Roger,Bigot,RogerBigot@cy-tech.fr,aaa0b4d65ff888ed9f99db54e55c5aa804a7c68e43fca8bdde47f5b1f984857c,eleve
Guy,Pottier-Barre,GuyPottier-Barre@cy-tech.fr,67f56d864a138b1ee5812a153ea9f34cfb987c41f242966457add8e6eb682d3d,eleve
Alphonse,Levy,AlphonseLevy@cy-tech.fr,056797a71969bf00e75a6ed97f48c522f82a80e37c0c38a0811a7037a700bfea,eleve
Joséphine,Hoareau,JoséphineHoareau@cy-tech.fr,f186aa72bc504dc3fa273513e3e8a3b25151575764562a583411c08e49cfe653,eleve
Jérôme,Delannoy,JérômeDelannoy@cy-tech.fr,32fe508791fe536a29bb8103e29afe6c346ff90875edf5bcd640a9752a7f21cd,eleve
Marguerite,Martineau,MargueriteMartineau@cy-tech.fr,40128b90e5f432b285959a518028055b6cdbd48834a26a96d7e36fb31b9b5ca4,eleve
Frédéric,Lambert,FrédéricLambert@cy-tech.fr,2a7363715e7663060a19ebc1d9c40e6fbf64bdee58af8265e1ac78b928b022b2,eleve
Gérard,Albert,GérardAlbert@cy-tech.fr,e985d359099773dcae254e2f443bd079e687601ea195a0275803032f9843ffd3,eleve
Thérèse,Valette-Raymond,ThérèseValette-Raymond@cy-tech.fr,395527fb5478fc620f6dd6483f416e22216a1772cdcf976554b9d0ba87e1c493,eleve
Xavier,Leclerc-Dupont,XavierLeclerc-Dupont@cy-tech.fr,6b3fe29b94e39a1b5ef8837ed1336fdd1c945717ff3d2b971362cc1c810995c6,eleve
Franck,Gonzalez,FranckGonzalez@cy-tech.fr,9275145aa8decba64f87977497d8192cebaa9d9e6f362e1bbefd7f051407da7e,eleve
Frédérique,Guilbert,FrédériqueGuilbert@cy-tech.fr,159639f7f7314f20b8ad484db09f9e981a06ccaffbafc70eef195435e9ca3fd2,eleve
Margot,Aubert,MargotAubert@cy-tech.fr,52550e8d4c9bedc3a8221ef8b2a39d92e502ac84d92d14618040f9ddd53a22a9,eleve
Robert,de,Robertde@cy-tech.fr,25a6522bb502c8f9db4e60ed593b73b69a4a24fceb9bd945a6911dc27f0d1c81,eleve
Adélaïde,Menard-Perrier,AdélaïdeMenard-Perrier@cy-tech.fr,7badb7b04070e6760293238e1cc406e6529881f9b8dd2e4014d9b48ef331f340,eleve
Henri,Pasquier-Pierre,HenriPasquier-Pierre@cy-tech.fr,6bdac5e5c8ef28342138b222732d2c95ac76589b051e8d57bc87d93ab526977e,eleve
Nath,Rolland,NathRolland@cy-tech.fr,dcc5fe9edce3ca041f88ba58789ed5119e79f49108e9c3479512d2a225d9eef9,eleve
Alexandrie,Sanchez,AlexandrieSanchez@cy-tech.fr,e5e858f16370cc8ac611d5111a7cbd29aee6478ead7b0f4ecbd65c9de1d9237c,eleve
Martin,Masson,MartinMasson@cy-tech.fr,7a518d9294d88f778c4ba465a56d76dd68437425776dff52a9f35e45f6f4496e,eleve
André,Ramos,AndréRamos@cy-tech.fr,6cc5dfc6019bef34f7d0cb1a5b52c085876c2b027941e6efda039cf4872f0e42,eleve
Adrienne,Pinto,AdriennePinto@cy-tech.fr,3f28944fd2f6a8947dd03d0ea258b97e158b797b7a296fa9a0db07ffe638f8ed,eleve
Alain,Hernandez,AlainHernandez@cy-tech.fr,3465b8196be19b66d2d654c264e0c31d8680ce71dfd87f5b466811c2cfb9e727,eleve
Véronique,Techer,VéroniqueTecher@cy-tech.fr,b3a6e084b5d8e4a5ce7d82c0b9f6be917d5fd287d72db927ab06731afe5c5de2,eleve
Thibaut,de,Thibautde@cy-tech.fr,50f53406b12e22e9dd0c29a845acfe8a63a74540d5b615e9a0822a8657f5ce33,eleve
Mathilde,Camus,MathildeCamus@cy-tech.fr,a72136f6e62bb33823e0e944eb09d49418a6b2dd9f1359b3179a4bc7c44c6a1a,eleve
Simone,Marty,SimoneMarty@cy-tech.fr,f73ae42863bcdda94e2b2ba5d046336d97a91858fbcb9943d8a13b31b0979308,eleve
Geneviève,Hoarau,GenevièveHoarau@cy-tech.fr,06e3053996484c38f09342e9b0d50d83d73d41f235c1b57bb37c610ac9e0840b,eleve
Daniel,Mallet,DanielMallet@cy-tech.fr,35e6bcb59832f585d0b9317a1c5d9ac010acc9d0386ee80aa2ce30ecb07b6e03,eleve
Olivie-Philippine,Diallo,Olivie-PhilippineDiallo@cy-tech.fr,67d0369200091d199b6386cd44cb92f4dfd88430e2edd7a1920dec7754298655,eleve
Agnès,de,Agnèsde@cy-tech.fr,daad6b4c1ba7e3e158accd1291aa2d0b67971db91a50b6df72db149bff05af3b,eleve
Jérôme,Pichon,JérômePichon@cy-tech.fr,a9af570419ddc1a14199c08a352bff1db6ab58d2737786eb96f295a98decbbf5,eleve
Édouard,Nicolas,ÉdouardNicolas@cy-tech.fr,0a9c881cf025fc361bc19624c593604ea92b7706c687f7719de3cc34cc2b63f3,eleve
Zacharie,Loiseau,ZacharieLoiseau@cy-tech.fr,d10319ced1fe04d7b65f700d053f70230d8bd0b4a624f37bc5387afeddc1ba79,eleve
Suzanne,Lebon,SuzanneLebon@cy-tech.fr,1b947dfe3be006da60f4a47aa43ffe60c0e7f0e22cb1163c847b6b311e552363,eleve
Océane,Guyon-Dumont,OcéaneGuyon-Dumont@cy-tech.fr,872e65221c0cfdd323e62006edcf42ca331e4d4edab286544fb5202f3e05e397,eleve
René,Simon,RenéSimon@cy-tech.fr,efe130ade28f7911c16f410f9c058d6aa1a0b3039f07690a1d2bd6a7e2b6b3ef,eleve
Alexandre,Lambert,AlexandreLambert@cy-tech.fr,33342512a279791a458141b55014128b2e0b6410e65b59f164b92c543a365d9f,eleve
Frédéric,Pages,FrédéricPages@cy-tech.fr,460661f383e7ea3c497863303f213d72e226aed70540d6429e56b2ac50670664,eleve
Bernadette,Le,BernadetteLe@cy-tech.fr,99055a0e5c830de14dd07922e9c2475113a144ed0743fd5b5d0272891286e114,eleve
Daniel,Perrier,DanielPerrier@cy-tech.fr,9b24e2340072b451897f1780de9fc17b19888187738aff80fad36b2d2d2445c5,eleve
Daniel-Bernard,Arnaud,Daniel-BernardArnaud@cy-tech.fr,aa0c3cf72a5484c97d2a76d6c613adb2d32516487923b2add5549eb25002bf5c,eleve
Capucine,Bertrand,CapucineBertrand@cy-tech.fr,c598dccb6ee483fbed6998f1df4057c7905b28098fc04adf0a220fa3bf07b24a,eleve
Antoine,Dupont,AntoineDupont@cy-tech.fr,80a6cd17e1c892d0479a8e059a397417831bcb319635d6068fcc1f5e6ec0a21d,eleve
Thierry,Roux,ThierryRoux@cy-tech.fr,b08e8e51c8e487b592c6e0f4e9fdd69caaa24db4ca8815f63cb5317f250f4001,eleve
Édith,Fischer,ÉdithFischer@cy-tech.fr,f476af2f409128b8a945da8f7d06170e9e487d3da868e675bc5b4104af4e98ef,eleve
Alain-Thibault,Cordier,Alain-ThibaultCordier@cy-tech.fr,aba5049dc907290ce7e2c82ddfcd78aef7f91a8b97ed118d2c8771114148b944,eleve
Victoire,Guichard,VictoireGuichard@cy-tech.fr,b460161d678936a1a437bf06ddac32f5c12952331687f7a36a599f474f776559,eleve
Michel,Laroche,MichelLaroche@cy-tech.fr,6510f693f627892b2c14c65650080e730485e7524496ce12f6df1731e69b0497,eleve
Hélène,Courtois,HélèneCourtois@cy-tech.fr,dd83a5c950a3d5c1e854614b6d62f33db8763332586ba4811e9a0ee2f7b9d934,eleve
Charlotte,Le,CharlotteLe@cy-tech.fr,56532aa060f163c28a5620a528a6d5266ce068662731f0022b319bc2423e6b2c,eleve
Laetitia,Rodrigues,LaetitiaRodrigues@cy-tech.fr,c315b5a0b21ef8dfa60517a9806ca6bbf0ebe9dcd93e65512aa3d31cc1b59635,eleve
Lucie,Lefebvre,LucieLefebvre@cy-tech.fr,c6abcece82c2af71a351e9cafbf7e5673ca5c573fac80dc60f240b7171b0e093,eleve
daisy,de,daisyde@cy-tech.fr,de7012aaf91e06c27d8b192d4209b874a467d454cfed68c685200d0bbdcfa421,eleve
Léon,Allain,LéonAllain@cy-tech.fr,1017bd582b8381dd51d5afd036c49c5238c15814d6e1515e789a6c2010327760,eleve
Virginie-Constance,Courtois,Virginie-ConstanceCourtois@cy-tech.fr,20a3a11261bba73ed6bb2ce351aadf52e1ab434ca60b9d9f97847ff820d707ab,eleve
Lucas,Morvan,LucasMorvan@cy-tech.fr,21574c8d9be1ede24b23ea95422cc8f1ff3b1bad193ff1fad10f372aff248ca3,eleve
Simone,Ollivier,SimoneOllivier@cy-tech.fr,2fce31da44c1aa59c357bee0cac9a6eeaaf3a6742161505983dd89c51271bacf,eleve
Patricia,Guerin,PatriciaGuerin@cy-tech.fr,205a665f79b7e8c82db3ff76f2c19d62b4da82d7a5a2d8eb675ce5edf9da7763,eleve
Alexandria,Delaunay,AlexandriaDelaunay@cy-tech.fr,ffd17b9022e1fd92659f27691b4d2b894f403f27bf5407cad22f10ebae45442f,eleve
Antoine-Nicolas,Morel,Antoine-NicolasMorel@cy-tech.fr,18caed6f2bd29541b3aa0554ff499d3b2679a4f07356ccc76fe69e5833075d47,eleve
Inès,Costa,InèsCosta@cy-tech.fr,e2082052bacd57aa06bafc28726f011c960d17f24e2fd45f84a2779d94e47413,eleve
Franck,Bernard,FranckBernard@cy-tech.fr,6291817e67284fcbf32df88be6c50bafd45a1e598aba4ef08a75f956bcec35d5,eleve
Agnès,Blanchard,AgnèsBlanchard@cy-tech.fr,a2064af5b51d275d6f1557896ff62f990c9d76668448677b7be4a97099f3232e,eleve
Marine,Martel,MarineMartel@cy-tech.fr,95932d81aa96440e167be95aba7cdc7a191bee442a22e16bb4ceb4129c99d857,eleve
Sébastien,Chauvin,SébastienChauvin@cy-tech.fr,b447a424c0d20ee73dd084cb53a6aa8265d89430e7d00a149a184fdc936cabed,eleve
Alexandre,Garcia,AlexandreGarcia@cy-tech.fr,f417c705ca92a3165415ac2e7a44419e8d88910cbe2f92db129e5872afb6d676,eleve
Eugène,du,Eugènedu@cy-tech.fr,71d6ac133a1079ec903c7a2e95a3b06ce46b4fedaf69cca2bfb45fb296024f3d,eleve
Claude,Benoit,ClaudeBenoit@cy-tech.fr,1344fdf5b31e9b0e309a18041ccb89905548ad6f9be3c0c16e89c770d12688ee,eleve
Dorothée,Pottier,DorothéePottier@cy-tech.fr,a655ac3a098643ef45b1644b4c86692a517837d6884ef11e425c6d6cc84ccddb,eleve
Stéphanie,du,Stéphaniedu@cy-tech.fr,0a661eb497c084eb222fbd77b454d191dfca697764376faf134d837b7d88ae0f,eleve
François,Bernard,FrançoisBernard@cy-tech.fr,41b3058e1089f91c7fc9a9c7f3bedffb917057ca1e3596827110711408893ef8,eleve
Corinne,Humbert,CorinneHumbert@cy-tech.fr,84dd4ab42d5a5399d7a65ba25ddeb31a3b324ad248609859b5715ae37cc4b7c2,eleve
Charlotte,Lelievre,CharlotteLelievre@cy-tech.fr,74fc876fdf2b8a1e464812890154574baf332e3f89152b0a8d493254882ce611,eleve
Olivie-Amélie,Imbert,Olivie-AmélieImbert@cy-tech.fr,8c544f7ef390023aa6d4d219d98924d8e195811a7c1b2420360ee8f1b45c17e1,eleve
Maurice,Guillou,MauriceGuillou@cy-tech.fr,82bfbe79244b7b775dcfd630d0639a7ba99bd8bc39b254d1ae0f70ef8f9d712f,eleve
Laurence,Meunier,LaurenceMeunier@cy-tech.fr,a6eb072b2af0d96b903d36155282cb2efc7bcde21aa995e19978f89d656f199e,eleve
Marguerite,Denis,MargueriteDenis@cy-tech.fr,73ba49b780f8967a0d51281c823deb2dc08201fa852804967987a78b45a1465f,eleve
Charlotte,Marchal,CharlotteMarchal@cy-tech.fr,e93a75019c67edffc3be02464589144879854663e2ce04776c55374ad90d3cb9,eleve
Thierry,Colin,ThierryColin@cy-tech.fr,a7ff4065b604d28c87a720f5f7643442e48c8fa939f9d4374cdaef035cca6516,eleve
Thibault-Olivier,Gerard,Thibault-OlivierGerard@cy-tech.fr,2d335b1527a76da718ed7047219b4b76afbf7f838f5ea1116237433ffe701bb0,eleve
Étienne,Pons,ÉtiennePons@cy-tech.fr,eb7b8cff85a2ffcafc6ef2f83f8d8940712575a782dcd0bb228293524535685d,eleve
Hugues,Pons,HuguesPons@cy-tech.fr,d79ff837d64eaca74c597c0e01650b01b472d75e29f77a36fb5851fcaead2a36,eleve
Hugues,Raynaud,HuguesRaynaud@cy-tech.fr,c6b1dd9fd6abce46d45eeed8a6349706526e6d72b36c24e4f1767188ba0d1c8d,eleve
Robert,Le,RobertLe@cy-tech.fr,ade3e50f42e69853a402882f8967e87d32bd67b5b2dd9e3cbb998350a410c768,eleve
Louise,Guillet,LouiseGuillet@cy-tech.fr,52db02808d22ee4bc3bb59456147cb9a12a1576e8a73693a5be79e6abf6f1c7e,eleve
Laurent,Bailly-Lebrun,LaurentBailly-Lebrun@cy-tech.fr,c1fa42d1a73fdbceca4bf522059097b609ae4b491be9a30526d70de760db7df7,eleve
Nicolas-Alexandre,Michel,Nicolas-AlexandreMichel@cy-tech.fr,6d7663eb77d27c04a002e4fa9949cd12aa16223b43bcb2a0ffef88cdbfb0a10a,eleve
Odette,Schmitt,OdetteSchmitt@cy-tech.fr,5c8b6ecdf43b6fac9045d5f171ea247d7e37dcfdc2118c26015bbcdc68018c42,eleve
René,Aubert,RenéAubert@cy-tech.fr,5ab3bba8e7f930febddd753399851bc0aaa687712c13e076d2d3223c5de3068e,eleve
Antoine,Grenier,AntoineGrenier@cy-tech.fr,14ce32f0ffc9722a10de84bf8d427ef082e5a426d33078e3f38ad13baf3c2f59,eleve
David,Colas,DavidColas@cy-tech.fr,5189bb380a7897da2048286d503c9a40785959c6a0514234ebde55e382250895,eleve
François,Colas,FrançoisColas@cy-tech.fr,50bdce76af3dc0c7119c1cd0b560a529ceae532ff941cac97e2fbd92aa218d10,eleve
Christiane,Le,ChristianeLe@cy-tech.fr,c70df39edeee4e3cc902b18b4c2f87b6a3a7e485c11c6f507e66b878d626ebd3,eleve
Anouk,Le,AnoukLe@cy-tech.fr,a4ba0349b79135cb2e14e8e5b482b6134e557d85681f72aaebbc6f33743ff665,eleve
Thibault,Lebon,ThibaultLebon@cy-tech.fr,24dd7c08c635251276923ab71d954c3917dc94f0cc06045c8aa6800e8ba0b961,eleve
Richard,Rocher,RichardRocher@cy-tech.fr,11bc79c1cd8f30fcbe035f8c8004529df266c7794936cb945a76b05a2f6ecf0f,eleve
Denise-Valentine,Perrin,Denise-ValentinePerrin@cy-tech.fr,7888be3f216ae97e662c36b8280a7ea4a125c90f0c84ab488f85e046a62de1c9,eleve
Élisabeth,Leclerc,ÉlisabethLeclerc@cy-tech.fr,ab77dc2751412dfa60869a1a82680b01fae3fe1987259c6ac5f6304976771d9d,eleve
David,Bouvier,DavidBouvier@cy-tech.fr,32f9303a73b0e2efa29cc8f1dc6d6f3fc0f1c7e958dc1e0dcc7f9580cb7cb733,eleve
Frédéric,du,Frédéricdu@cy-tech.fr,83a2f12784a69e16a221ba2dcedbe79889c072a8c7fab40ef7287018e714ceb3,eleve
Marine,Labbe,MarineLabbe@cy-tech.fr,3f4e084b3a1389266674f163052da3e4b544137debb510002bd9c0f978b449b0,eleve
Marthe,Charrier-Lelievre,MartheCharrier-Lelievre@cy-tech.fr,b2fc4fca4fe31bdd8aa1b96db1389228443d06652081b5aaf67ba7207189440c,eleve
Adélaïde-Antoinette,Pinto,Adélaïde-AntoinettePinto@cy-tech.fr,1d767706ffe17bec6e173550d15183e483fdfea6f823e6a5024e76c8277b113c,eleve
Luc-Léon,Bernard,Luc-LéonBernard@cy-tech.fr,03ca549293a00becde00ceee3a2a2f5c6d942b9926a7fa055bf5284a3ed2036e,eleve
Antoine,Martel,AntoineMartel@cy-tech.fr,48b7c4fa2f84c4ed21092cedd6a1a2e8eaf3cd5f3fe0b93ac177f3bde6b89e38,eleve
Hortense,Boutin,HortenseBoutin@cy-tech.fr,5d97fad59f4c5cb16100c8b0787acacac00b02e4aa9f9857aaca3b7b4bf77b95,eleve
Louis,Hoareau,LouisHoareau@cy-tech.fr,f8d3177eeb9494420b9d52f25e0126948913791a9d7b9bf41f0ea179bd2dc63b,eleve
Alexandre,Carre-Diaz,AlexandreCarre-Diaz@cy-tech.fr,9780669218acc1dcf0c6abf9eec7ad615c9735f087243a4d1e357e1eed0cf034,eleve
Raymond,Maurice,RaymondMaurice@cy-tech.fr,6532c52077ed92f4c15ba15c010f9ae116e49a279e8b1ec81d64f98eeb699040,eleve
Louise,Jourdan,LouiseJourdan@cy-tech.fr,37e9c3054e6c6a81bf450c420fce33f9a18000ac16d11b26be970efb3a9011c9,eleve
Georges-Olivier,Picard,Georges-OlivierPicard@cy-tech.fr,5bd2273d1472d7256c6a7f64bd37ee75d9265627923e7829519d7a46a29b4989,eleve
Élise,Durand,ÉliseDurand@cy-tech.fr,0ac12de983749f9db72a94ef64ad48f1c5000cd9098e9530aa39883da25a5786,eleve
Noël,Morel,NoëlMorel@cy-tech.fr,67a9be0749054c8406cfd81b6955ad2724bb2f55127fd713ba59fac8e7eebf2d,eleve
Cécile,Poulain,CécilePoulain@cy-tech.fr,6377ed6a056dc142aee914a57cef9f2eeeed554eee7a789fd42e2811e60f44de,eleve
Françoise,Denis,FrançoiseDenis@cy-tech.fr,b08875e6d71beb1a24206be025a01d8c1dbad2a48ea0ef872205c2abbaba868b,eleve
Isabelle,Gay,IsabelleGay@cy-tech.fr,b41d65d5e66f1636abb31396b418a0e711383b9d7116f63d9019f5fce56dd4d7,eleve
Alix,Lacombe,AlixLacombe@cy-tech.fr,b8b5ec55cd2cd3d5ee77947f033a4a6e6ea8e6c0fedb074a82a2b174bebf1d07,eleve
Thibault,Riou,ThibaultRiou@cy-tech.fr,7d9234a9bb90ab705f70d6c1a5a85bdd87830adb82b48f1d8e194ef1f5e72d0d,eleve
Bertrand,Hebert,BertrandHebert@cy-tech.fr,bd6b15853db684e3293334c8510664eabc95b8abfcfc46a247983b35159d402c,eleve
Adrien,Valentin,AdrienValentin@cy-tech.fr,d1783dfe44e6ef5b75ad44c935f14925e93829381b12ababbf7633932c12ca8f,eleve
Aimée,Lambert,AiméeLambert@cy-tech.fr,f74382decddd11f7523d19a75047eabc68f8ea186944c958192d070ea755a5d8,eleve
Brigitte,Breton,BrigitteBreton@cy-tech.fr,82d0354b4fca0923254af74ee416b15d883759838f3fed6a4726f610173c1c67,eleve
Gabriel-Victor,Dupre,Gabriel-VictorDupre@cy-tech.fr,7f3bc1ee7809d459d01cc98bcb20a6199014d57cfed9ae53fb96cf1049285ef3,eleve
Marc,Ribeiro,MarcRibeiro@cy-tech.fr,3868cf1e2b792a7685e148b80a1046dd26bf406a5379ce597a489bfcf9018e33,eleve
Susan,Sauvage,SusanSauvage@cy-tech.fr,3249fb25f01208837763647583e80f7dffdc21885db7bdd87f3ae61d3a938074,eleve
Denis-Adrien,Alves,Denis-AdrienAlves@cy-tech.fr,55ab77e691cf15671bb849cf2e53abefd43e75c58245659f471a86e818abacdb,eleve
Michel,Levy,MichelLevy@cy-tech.fr,9ec1bd184cb628af51c371e41aa74bbfcf4e0aadddc290754fa53fb9efc1f61c,eleve
Adélaïde,Boulay,AdélaïdeBoulay@cy-tech.fr,c6e0554941b91fb30b52c547649eda57df129c1c2441dc811d951a8cfca83952,eleve
Marthe,Seguin,MartheSeguin@cy-tech.fr,7c46a24a63bdc1a5627ca1a3e40a2c8704f515d3d59d4070d78a6601618f2dee,eleve
Noël,Jacquet,NoëlJacquet@cy-tech.fr,cabc33e7e5710c969a6217a44061b59647e30b41692bdb7d1ad16fbd569a2317,eleve
Monique,Mallet,MoniqueMallet@cy-tech.fr,a8f68af7226fa4ed26c3d8c2bd80bce93ef28bcb4b7917289f94c0b5cb849daf,eleve
Charles,Lamy-Besson,CharlesLamy-Besson@cy-tech.fr,4db1a821e049f66011642a90e4411f7588ffc457688fe2c6b8c3f725957d6005,eleve
François,Herve,FrançoisHerve@cy-tech.fr,e691bceccee114cf727317cc3d6ce9c0ea341cfa3e3af0a8651f0001af623a4d,eleve
Marine,Hamel,MarineHamel@cy-tech.fr,30e8f4df7291732e634f308cb39219f24523c0b3f907f428b85f0e8c72ced455,eleve
Caroline,Marie,CarolineMarie@cy-tech.fr,4cf6e52e3ae22e1bf347b057556e9e891f0bbc50a9c26eab2024213d277efd45,eleve
Jeannine,Lemaitre,JeannineLemaitre@cy-tech.fr,7207a2804c402bf601fe9b64e28602f9146fe35fcae1bbaeb555f776b61ab821,eleve
Joséphine,Humbert,JoséphineHumbert@cy-tech.fr,8b2033f6ad2c845e5289be7bcc4a12db6f437f8ec87dad010755fd88e4cab547,eleve
Benoît,Lenoir,BenoîtLenoir@cy-tech.fr,b6bc44c1e6fe3ca757780c2293a951a01f690d169c066e114ca7eb3853c20028,eleve
Pénélope,Marty,PénélopeMarty@cy-tech.fr,989a0d00f84679e40b075f1bec0c3bc0945e3557fc5a8ad8e357a4e94c75a4c9,eleve
Alfred,Ramos,AlfredRamos@cy-tech.fr,a0f49fc81f9f13e11fefffe15d68f976e4e46fa91b30e382a6f77df049b89690,eleve
Philippine,Normand,PhilippineNormand@cy-tech.fr,61267c983bf3c7ef201b00e82b53fabbf0c80302c720c7d1251c96b3c0fe0e83,eleve
Luc,Dufour-Gallet,LucDufour-Gallet@cy-tech.fr,ea46dbe4229517fcb5042c508ef52f279bba5497d223d85980643a71322305d4,eleve
Corinne,Gros,CorinneGros@cy-tech.fr,c04442610c09a691a7b9346f5233195ffcc11ce4fcaccc16eb352385c79a90e7,eleve
Isabelle,Dijoux,IsabelleDijoux@cy-tech.fr,cbc9c49c7259f27786c31404a031c306e61ad93ce5f91369f76b713b73a0420e,eleve
Dominique,Gaillard,DominiqueGaillard@cy-tech.fr,04139bdb4e3f7b38c109a4d5d3a46aecadc120750ec6b16203f722a6799a9676,eleve
Pénélope,Ribeiro,PénélopeRibeiro@cy-tech.fr,986e692d66a49f1d83d90471ba09f50b81595b4505295d1acc7c384cef5a90c4,eleve
Zacharie,Marchal,ZacharieMarchal@cy-tech.fr,8e1035da9ac88d14975f2ac1f0dc8210fc8e443d4cd3311682e087818a469217,eleve
Marc,Guillou,MarcGuillou@cy-tech.fr,265fb62907ea0328390d585ea199146d2a7f45151212a950bc004a03276bb224,eleve
Benjamin,Masson,BenjaminMasson@cy-tech.fr,5a7af38ebf40e22b222a210f00b14a4bc07428ad0af15d5dc101cbb2c23a1d4b,eleve
Georges,Bonnet,GeorgesBonnet@cy-tech.fr,3ed0e2928cde79ca087953c824b9572925ff70a2de51ba4de8700b49203292a9,eleve
Jérôme,Foucher,JérômeFoucher@cy-tech.fr,495d58d67f9f92229da5d2d583a160d51bd19f2758818dd80af416ac54d85af6,eleve
Emmanuelle,Faure,EmmanuelleFaure@cy-tech.fr,49481c9f06253a5daef2ab24b36d5582f8a00d26a5e0d65fe66a4bc4f68ad9b1,eleve
David,Louis,DavidLouis@cy-tech.fr,1b3484be0d5dd30438a95fd40ffbf267f25ce925c89093255bf3881101a4270c,eleve
Andrée,Rocher,AndréeRocher@cy-tech.fr,a86950eec2d130559b6c40f6780054b3d668d783601863373cdbbcf21717c07b,eleve
Gérard,Guerin,GérardGuerin@cy-tech.fr,6f7ec8a42e42b8939642387c010e12fb8d6bea3cde23adaf6c4e3da8d32e2caa,eleve
Caroline,Bailly,CarolineBailly@cy-tech.fr,d374ba72abb321ca6762e234c394d05ebb18d49f584b9e4ade27327c6ef5a224,eleve
Christelle,Lucas,ChristelleLucas@cy-tech.fr,726f57d8b8092ffed54efaa76f93c06044d03c81e3791ea41f8838340216167f,eleve
Hugues,Morel,HuguesMorel@cy-tech.fr,e09e4f7e704832e1c4dae54b80ecc972e0362eb6228061254c23946473226b3b,eleve
Thibault-Charles,Blanc,Thibault-CharlesBlanc@cy-tech.fr,d62d5e0b3a25fbf500619ac9dc7a2638dc8a4c63f96fc36d3d42c62e9f9347d8,eleve
Étienne-Gilbert,Allard,Étienne-GilbertAllard@cy-tech.fr,6100c28f8227d8af419a27607c226f03215699f759d142708265be1f4175e717,eleve
Zacharie,Bernard,ZacharieBernard@cy-tech.fr,94e8cdc908c2dad7ed285cae4b15de3709733d5f199e2138a8413438fdd9e34a,eleve
daisy,Lopez,daisyLopez@cy-tech.fr,0a2c7c0fb2e5eeb6e8b2e2474ac0747512681333cc550789b783a0cae96a4a6b,eleve
Émile-Olivier,Legendre,Émile-OlivierLegendre@cy-tech.fr,d5947f34ac30800f9dcf68464ff96bc0c854327ae88c72cc4d78627b53fe9a00,eleve
Claire,Leclerc,ClaireLeclerc@cy-tech.fr,516a0ec013b778c45b699ad56e7009b17c507f5f7a588cd4d4dd769d0b96c44e,eleve
Raymond,Bonnet,RaymondBonnet@cy-tech.fr,fb32dbdbfc98f8c8c92b66e8e7e7d3fc7bd6238fd737d146617a55ff6594a176,eleve
Clémence,Leblanc,ClémenceLeblanc@cy-tech.fr,7966090a84343de0dfe5968b50f9b762f84f9592cecd69829716c43cd39338b6,eleve
Gilbert,Marin,GilbertMarin@cy-tech.fr,bb740ac4994cc7b33e67011ec07e0b3ed900e247fbdfcecf5d17f600e4596ce9,eleve
Noémi,Humbert-Barbe,NoémiHumbert-Barbe@cy-tech.fr,38655bf5adbf840ea8d52ff65b6f5b331670ad5dbf261b3109097e1b1602fafd,eleve
Étienne,de,Étiennede@cy-tech.fr,196354c1e1c9e4b245eb8b5d4891a48f7048cc9c3c34179fb0877d949a3c16a0,eleve
Philippine,de,Philippinede@cy-tech.fr,30bbdeeb780593b80f3a7e0b231ffbaa81d9e40bf4c299a8bed936aca9266937,eleve
Juliette,Thibault,JulietteThibault@cy-tech.fr,01935903bcbfa99b3a3c8936b78c332fad6c8b3dde13a69ced398c16a3f8a54a,eleve
François,de,Françoisde@cy-tech.fr,e213d9e26146e8202530e43714188b2c28c1c30ec6c0c10fef4e3e8fc1989d89,eleve
Léon,du,Léondu@cy-tech.fr,75e4d2b01f5376d4a4917c545216673fae78c0e3e9f47e9c4abcf0a82847d62a,eleve
Maurice,Alves,MauriceAlves@cy-tech.fr,6e3deb10bca697739bb382f2536367b05f542a2fc391c9d3d586a1936f804360,eleve
Marie,Blanc,MarieBlanc@cy-tech.fr,2f84c548e6eccd31164fc84bdfb2020256feb04c8dc44449de3c8f410dbdb0d1,eleve
Denise-Alexandrie,Clement,Denise-AlexandrieClement@cy-tech.fr,24c60c426586d050fc2aabaf61aaad2ea245a1ff73b263449e8e0ceacff938d8,eleve
Luc,Ribeiro,LucRibeiro@cy-tech.fr,5fe58f16de4ddde40a3dcfad3b6d010960283941a3971cacba5d5c1f6a1903a1,eleve
Charlotte,du,Charlottedu@cy-tech.fr,e25d8b234c1f36aadbae71f48377118eab066aedf01e5528667bd96d574c2f0e,eleve
Michèle,du,Michèledu@cy-tech.fr,c9c4e19f1028a97b6b049112a72495a0575e214a79f0b93716372c7e28b8f38d,eleve
Hortense,Maillet,HortenseMaillet@cy-tech.fr,d1a31937f552358ec895d50b87e5975cb81ec7376d5f2ca5d15a3807623db451,eleve
Françoise,Chauveau,FrançoiseChauveau@cy-tech.fr,79349b545dd33ce541ac3f912768153f499b9db42ac43186a054cd48b21df43e,eleve
Jeanne,Le,JeanneLe@cy-tech.fr,ee5a85501bc7c8774be15af7832339324a526c6a07c4d42b36cc762ae262fdae,eleve
Louis,Giraud,LouisGiraud@cy-tech.fr,7f85ac368814073440ddb5dd1d037b299e37b4ef86f43d162f629e2b2624f38b,eleve
Hugues,Lemaire,HuguesLemaire@cy-tech.fr,7bb11e6b03e47457c142844df13a115b5adaa8fb7bcfc3a4e032a35c9a212a9e,eleve
Yves,Roy-Perret,YvesRoy-Perret@cy-tech.fr,211f278cf6cd141e64e721f1454987c57e88b8d1913b7d08af917679b94fe5cc,eleve
Isaac,Riou,IsaacRiou@cy-tech.fr,46b439b669b18722ea15679cc582f8788ff879ca01a84a18f23f6e31e1382bea,eleve
Daniel,Mace-Carre,DanielMace-Carre@cy-tech.fr,06bcd03d8d883408fc7a6a276567fd18b99dff1588ede05d285fbba14f799301,eleve
Laurence,Normand,LaurenceNormand@cy-tech.fr,f39041e798d64416f1e973481f58d713748c157b7a7007f4774f2eafcf843767,eleve
Antoine,Etienne,AntoineEtienne@cy-tech.fr,751ece7bf7ab8ce7ce8e99565b1dd746ebf8684c1db507e930609db69e9de6a9,eleve
Éric,Le,ÉricLe@cy-tech.fr,12acc8e1a51546dd222c5ddaa393d579ef02824b35886116a82feb35d6e8a7d6,eleve
Lucas,Rolland,LucasRolland@cy-tech.fr,d5629eee1109911e42bcb16f8757e3fe030d45bf27934ea637947eba9c1a1be2,eleve
Frédérique,Barre-Vallee,FrédériqueBarre-Vallee@cy-tech.fr,6853224a97e96cbd12051ca8628ab610f3ad49b815ae57bb6f5cd3e4ed9cd509,eleve
Laurence,Bailly,LaurenceBailly@cy-tech.fr,2800eaa14684108da1da50766827846d7dbb47e10565f2b0570b42006ccca02d,eleve
Noémi,Evrard,NoémiEvrard@cy-tech.fr,203afe9a6aef991de55c540953e3212d95e3e4595713aca4caaec559072a32a9,eleve
Thibault,Faivre,ThibaultFaivre@cy-tech.fr,c0ddb73f85e39d3e913e3a968d52ab31f30c694445f47ccc10c55d7443fbeb54,eleve
Suzanne,de,Suzannede@cy-tech.fr,3a63f221eeed17eb226dd63cd3f428f0afe88c37ddc76766b296d6de815de77a,eleve
Eugène,Dumas,EugèneDumas@cy-tech.fr,bbe9124fab45434de9f188d1494e0aec1e3cca7e98e1d1dbeecbfbbe6e332d22,eleve
Michelle,Vidal,MichelleVidal@cy-tech.fr,d653b301ea870223a3a2908c4e120e92dbb6a6f72a0a8ad7f89bdf2c8fdd2677,eleve
René,Gomez,RenéGomez@cy-tech.fr,c5c73277504d5b61ae82794c00c2a006dce3c567f8ddc74d2edcd294165dcd07,eleve
Denise,Lebreton,DeniseLebreton@cy-tech.fr,f8c8d75d999ddd83e0c6042de2a5e156fc65524df7b51d13dbaae3e0617c7184,eleve
David,Godard-Clerc,DavidGodard-Clerc@cy-tech.fr,6e2eea8d5806d0efd22d8777c3abfcca55777741843d225182bab93aa8110821,eleve
François,Leroux,FrançoisLeroux@cy-tech.fr,4694f21d993645af14edc732184dd5e841838c600fe25fdca5a25c2d54b93c76,eleve
Célina,Cordier,CélinaCordier@cy-tech.fr,7dad6891068d237bb20d30eea5997f995348906cf00ca5463f1b82ce888bd924,eleve
Marcelle,Turpin,MarcelleTurpin@cy-tech.fr,59a86769e8a6450bcf5b8207e12d3576000981b0bfc29922903f2072e9ad7041,eleve
Benjamin,Guillou,BenjaminGuillou@cy-tech.fr,efb741204ea8748a8113f0491037a3581b84546c4b7522c577498d503bff3438,eleve
Lucas,Renault-Jean,LucasRenault-Jean@cy-tech.fr,d4e43785b5c84a3dab35efc95a48d8792d79ba0a3d7ec580d31b64b70eb28d6c,eleve
Gabriel,du,Gabrieldu@cy-tech.fr,a65900811b3874f76dbce015acff6aa9195b5102e5b1a85f94ad9d9a69f3d4a8,eleve
Anaïs,de,Anaïsde@cy-tech.fr,55757cc628b96df50c06a0acd82b1d4edb25a95f9c861554ab11b009096165ac,eleve
Agathe,Techer,AgatheTecher@cy-tech.fr,1e81a5e2b7649bfa638c6b4a43e3351ad1495279d579cde16af182f71754bf89,eleve
Étienne,du,Étiennedu@cy-tech.fr,eb9fca99af0454103c599f9b53b546eaf4ddd682d04d2cccae6385f0eafb5b7d,eleve
Andrée,Richard,AndréeRichard@cy-tech.fr,84a64f283411b598843f601ab8763af7c77f6be29e5700e425bbbb1cc13ed1c4,eleve
Antoinette,Chevallier,AntoinetteChevallier@cy-tech.fr,c3816ba0a7b84413769d11fd5d871269ece7d3445519e5afc9c4e680f685686b,eleve
Alphonse,Le,AlphonseLe@cy-tech.fr,85e5627e1584e9f4c19a4fdac19c5e4b395aebc8994ce454441efc4771cae9a3,eleve
Lucas,Maillard,LucasMaillard@cy-tech.fr,794eb6ead75dd1d754ee3bb4abb33623beb7a1f09eef1e4fb361b98333d949b4,eleve
André,Leleu,AndréLeleu@cy-tech.fr,67fe354676cac9750f896154d9eb3503b0a472123c7746fc70f4c143754db113,eleve
Emmanuel,Riou,EmmanuelRiou@cy-tech.fr,981dba352f0369bffba8aec9a2cde9ba3a615dec91488f754c46efb0db0241ac,eleve
David,Lesage,DavidLesage@cy-tech.fr,cae54c14c781bfbed33e8958251a1c7a19bce0e807bd6520abfb3c9cf606df38,eleve
Grégoire,Dubois,GrégoireDubois@cy-tech.fr,2f527f1509bf5f00c57406e2956e9c21b57c207332478cee6ef09f2e025b9254,eleve
Paulette,Leclercq,PauletteLeclercq@cy-tech.fr,7699431ec81120d2c7ffc6e74accd2c28b149f04008778f1a22d468459d2acc7,eleve
Thierry,Faure,ThierryFaure@cy-tech.fr,f708559738a7770bad1d7062ba321eb6bc754553b0593ab5e3df9eb64644b9ae,eleve
Pierre,Boyer,PierreBoyer@cy-tech.fr,44c3de677eb47bb0101327def325250ea16602e06463c4ba7428e4181897b833,eleve
Éric,Benard-Charpentier,ÉricBenard-Charpentier@cy-tech.fr,e780562f9c87949cf5f7d25c9d031d65de34236c428e4500e5d83405ed30a8f4,eleve
Marcelle,Gauthier-Martineau,MarcelleGauthier-Martineau@cy-tech.fr,fb9f539e0f17447319a6054691b93cd0b8dc79ea5b3746143f9455011cd7ca25,eleve
Christiane,Delmas,ChristianeDelmas@cy-tech.fr,61be02c4c71ea387455eaa5e0cf870f4af678534bd0b0e3518ad6b8ded05cf04,eleve
Corinne,Cousin,CorinneCousin@cy-tech.fr,c1e5569c3b1731db8399919dc7ad90b1527b65dd73c6f92f7d61e0105ebbed71,eleve
William,du,Williamdu@cy-tech.fr,1301bd5c9d7ac267c2aa25264f33fe93c7bd8bf7558dc91213173b9bd5913bc2,eleve
Renée,Maurice,RenéeMaurice@cy-tech.fr,1fd5ac102fd59a8885806d0c654b32f674ea83bda7aac1f83e73537742528882,eleve
Zacharie,Weber,ZacharieWeber@cy-tech.fr,2a1a8f8980e9d43a3dae1055ebf342bd3eb02274273fd8f0a44784469eb1d8cc,eleve
Louis,Rousseau,LouisRousseau@cy-tech.fr,574405e4d7b62d621d8dcf9a32fc301857bb73c4937b9fe10bfe7e7b351fa3f0,eleve
Philippe,Hamel,PhilippeHamel@cy-tech.fr,da34c6b6637530cd7cfa377cf26acd6e6f1491e19b043988ab8853d70ad95be3,eleve
Élise,Mercier,ÉliseMercier@cy-tech.fr,d067c3c737959f68efbdf23e324a5d04c34e2f4a578295b5a93fe57de8f76029,eleve
Bernard,Chauvet,BernardChauvet@cy-tech.fr,d6d2cfe53c6dcfe1fcc270dba487f107b08c78aab9535aef3c8af42a6a20b545,eleve
Théodore,Pasquier,ThéodorePasquier@cy-tech.fr,745ff460dfdb956ca83917603862dd667e9857d2f4f2334ea6a379c2bda39da7,eleve
Adèle,Begue,AdèleBegue@cy-tech.fr,42f839b87d6181a82f6fee3e563a33305ccc0bbbfce5330ea4be0e00e133f61a,eleve
Adrien,Dumont,AdrienDumont@cy-tech.fr,f8f1d2b7db675ad945e1915207ad79087717e5705ad2caad96163b88c5a00077,eleve
Gilbert,Ferrand-Texier,GilbertFerrand-Texier@cy-tech.fr,14d55438eb45cd7d6cc3e272f16f169628cd14e6ede5177cb1f5a01b64355659,eleve
Anastasie,Rocher,AnastasieRocher@cy-tech.fr,3e49cdf4ab2e1578142359f051d5d5a1fd70aaa52398665674f34d46b86aca64,eleve
Franck,Le,FranckLe@cy-tech.fr,9d56884fba40a699b0c07e27578be2a0cc709341ce02f0dc2fd122e2dbf41eb2,eleve
Michel,Renault,MichelRenault@cy-tech.fr,272897d66f9ec34019878d9b76f843f8624009527c15d76cd54e6326b1a575a5,eleve
Margaud-Laure,Wagner,Margaud-LaureWagner@cy-tech.fr,15407e1fee2f6392384a4d2b9a64b9c37dcaa026c7f75f5d8d3c4d84af7ca5a0,eleve
David,Ferrand,DavidFerrand@cy-tech.fr,9f1ca214458fb704d4d042a76b02662b373f3e0279e4eaac07162b38fa269958,eleve
François,Duhamel,FrançoisDuhamel@cy-tech.fr,1866af3cf80184786a30af60079012d522e4c083176640cbeb27b75a60cafc69,eleve
Franck,Blot-Barbier,FranckBlot-Barbier@cy-tech.fr,05f8344dfba0f66af8dd4a7ccd1bc2fed3a6d6d6f0c690fec85b1b586f5ee01a,eleve
Benjamin,Martins,BenjaminMartins@cy-tech.fr,74aa3f18594ce143324a1f7b43a160fab104dc7c4987ad08ed54a61cd4a21af9,eleve
Hugues,du,Huguesdu@cy-tech.fr,b6bb5af93492eb48356d551ae974cd236267f8f6e093e3c0ef309bf57f7dbfe3,eleve
Joséphine,Pons-Alves,JoséphinePons-Alves@cy-tech.fr,56cba017c6d484eb98a053cf0e910f53587cf5e2bf5ac972f17e71f2387e437f,eleve
Diane,Martin,DianeMartin@cy-tech.fr,3a2efb438eb333fb64eee2e6d09f1e02eec7cee379c77eb9eff68ba7e8946491,eleve
Auguste,Fournier,AugusteFournier@cy-tech.fr,d616a4abd8c1afbaf93c1760948ce5d9572dec61e114d4f9f5e2e65ddc8253d6,eleve
Théodore,Louis,ThéodoreLouis@cy-tech.fr,b7465391f332ec11678980a9bcfa4ef49d5bbf35fff4481c9fd3e4b30d719db3,eleve
Chantal,Joubert,ChantalJoubert@cy-tech.fr,2005edb8026629803de37f9edcd48474442d946c1f08126bf393707efcf17711,eleve
Inès,Bouvet,InèsBouvet@cy-tech.fr,b73fbe8f8c569ef93acb4c690e9410c1c83ac3a507ff696076a0a2c163fa5606,eleve
Sylvie,Le,SylvieLe@cy-tech.fr,e7acba10b7436eb203837f178d75f4c88df3dcfe91f9815e15bca3fdb0ed8cf4,eleve
Anouk-Pénélope,Ollivier,Anouk-PénélopeOllivier@cy-tech.fr,78416ddd42a79f8c4aa1321891491cf1e1d92bc79cb08d8116df325be0d2e6b2,eleve
Olivie,Evrard,OlivieEvrard@cy-tech.fr,80a2d4db9878fe89706ce2cad49744d7e16b84120383b5042fd0550100ec4531,eleve
Augustin,Roche,AugustinRoche@cy-tech.fr,429ec6a2ae997fdc639c48adcecc48e0a06c82c86497d86957eddf0181d234db,eleve
Marcelle,du,Marcelledu@cy-tech.fr,9b1bfd4802fa4d2828d936c10d21382b4fe6205ac42ef2db7f690c8ede959f04,eleve
Antoine,Loiseau,AntoineLoiseau@cy-tech.fr,be3057e3da6ac033b3215e373a01cbf5c784ad5cc5ce3753d6b75af208effbda,eleve
Jérôme,Pottier,JérômePottier@cy-tech.fr,bdd17c65ad7f1f96d0abb12dd644a195b20352f7bfa0cdf05081b300207114cf,eleve
Julie,Lesage,JulieLesage@cy-tech.fr,b36bde5c5925f6d0e962bbaa7d53438a94b4c756f7d8f35d662073f087fa4515,eleve
Jacques,Guibert,JacquesGuibert@cy-tech.fr,8671e15fa5e8a7bcffd0b420063544a24e728451d0e8bf21cc9c1e1595ef028a,eleve
Paulette-Valérie,Albert,Paulette-ValérieAlbert@cy-tech.fr,5e7c094a5520996a2198325f60ed43dcd43b6196ff8b4d90f8db74ca46047c51,eleve
Antoine,Lefort-Letellier,AntoineLefort-Letellier@cy-tech.fr,8d216951b9768971028bf6f54c88aa78bd3b985a2ff20f1b4f144f4bb15e1cad,eleve
Josette,de,Josettede@cy-tech.fr,f0fc2b15506d80bd7437cebc3aeea3597c1976f405bd8dfa7488aa2f92ed660b,eleve
Pénélope,Deschamps,PénélopeDeschamps@cy-tech.fr,b54caf5016b244fd94659700b7f893214f27aae01ff2c4c8c2e1e6de9da66efb,eleve
Thérèse,Meyer,ThérèseMeyer@cy-tech.fr,71e319ba834a129a86d8371079435db8606a624233ea5f785055f93985807b64,eleve
Marcel,Guyot,MarcelGuyot@cy-tech.fr,f0ca825806d818de18beaecbf9805e621a68ac64ddc81a50d4beb79156ca86fb,eleve
Daniel,Bernard,DanielBernard@cy-tech.fr,7c9bb4bc881399b1748c210b4e7568a519dd0832504e2af56cf3ec00af5e2efe,eleve
Julie,Fernandez,JulieFernandez@cy-tech.fr,ed85a8946f3327d3b27d9a236c8cc7368a51bb305f1586ad8e43f82e20ca1e77,eleve
Hugues,Lesage,HuguesLesage@cy-tech.fr,c764229f4763868c3e24311ee92ad2ef1c3d028b157c8a05ad5c85b00592c275,eleve
Zoé,Guibert-Huet,ZoéGuibert-Huet@cy-tech.fr,611bcd653d37922c50889d1d28fd1384b273237421dcaece1a63df19f3d6833d,eleve
Augustin,Gauthier,AugustinGauthier@cy-tech.fr,6c7184e260e132e088808b72b86c60b3d830aeebe382d26f6984156e754fae89,eleve
Luce,Le,LuceLe@cy-tech.fr,be9874f1e4354da889d00c237ef46bb5ebb5a9e9d0d59f63e297bafa2db595b9,eleve
Stéphane,Boulanger,StéphaneBoulanger@cy-tech.fr,0d6dacceb0578a8469969560dd2c5d3285e6963df6a17c4c7838bf9186f81732,eleve
Alfred,Loiseau,AlfredLoiseau@cy-tech.fr,ef974bb7ddaa601df3034f179f589c791893bf0b8bb0f5c16dba316de222322a,eleve
Brigitte,Le,BrigitteLe@cy-tech.fr,c231ced011ec87c295384fce8f78f8050ce4b9fe81394e7e38586efd930d03a6,eleve
Alice,Guillot,AliceGuillot@cy-tech.fr,1219877e21975e032906260b43e83e1010a42a84ef775b9bfc81206d6acf3264,eleve
Lucy,Le,LucyLe@cy-tech.fr,deb6c71a7948e3734c3937d920b9ed1befd16b1fe072f976b7db02529e0e37f3,eleve
Madeleine,Charpentier-Leroux,MadeleineCharpentier-Leroux@cy-tech.fr,6576fdb832c810ae1fcd282b1e9d7f686544173a4ad6a233c194549dad22c599,eleve
Emmanuel,du,Emmanueldu@cy-tech.fr,31a431bee860183f428e6beb4d448270ca2b635ece91d38f45d7034db8759012,eleve
Bernard,de,Bernardde@cy-tech.fr,ff95ed159923bc701c9afc8349b9f9956647a22b13469646d009e2d8015a1394,eleve
Céline,Auger,CélineAuger@cy-tech.fr,3b1ce95d608e93302a716b391ab473c4b6b5e3e4ea97c5d2c0065d9455636767,eleve
Auguste,Picard,AugustePicard@cy-tech.fr,825dd779220c245a02bd23f5bd18d8ae74984dde500c12c37ea067b36beacbaf,eleve
Augustin,Allain,AugustinAllain@cy-tech.fr,a67379937adc8010d3286a90c1d677275511cd7aa157a1618d1f203503219586,eleve
Aurore,Pichon,AurorePichon@cy-tech.fr,2177351219d8987effa0cf2ab64eb5db199093fdd189e37b0466106095526fb5,eleve
Danielle-Joséphine,Bruneau,Danielle-JoséphineBruneau@cy-tech.fr,bde967a745d382124ecd2fc608bdf7895fa612afc798fa660a9f3dcbe931a0e8,eleve
Océane,Nguyen,OcéaneNguyen@cy-tech.fr,4cd78a8c5e64ac0e15121ae71bd86c994100d36691e81e8aa07e7dc71d69b94e,eleve
Alexandre,Perret,AlexandrePerret@cy-tech.fr,1a5463e1b03b9f927a726e8459ef75c9016daab3683a9844d3e4e929d21801d8,eleve
Gabrielle,Vasseur,GabrielleVasseur@cy-tech.fr,19b0c87517577f5eb9c1425c1737c835e46360260170896d134707283c7ab27d,eleve
Pierre,Mary,PierreMary@cy-tech.fr,2adf16f4881efb85e8a322c65fc0add2b945c2965093199fc5c7b5b191e9ad47,eleve
Michelle,Guibert,MichelleGuibert@cy-tech.fr,97a9e08f1cf32003b475b791aca4a8c0e71f5504aadb4f3561ef3fe04fa39955,eleve
Marguerite,de,Margueritede@cy-tech.fr,9da3db34dd8088e06817c3bf810ed5041e08f05e52820852f2ff62e71c1bb930,eleve
Victor,Vasseur,VictorVasseur@cy-tech.fr,485a7eb3c7175a1108bb4d4e8043ffe48b75497604eef4be1abc5a8f3f1c5de8,eleve
Simone-Gabrielle,Bonnet,Simone-GabrielleBonnet@cy-tech.fr,54b12b5e449a1dae1be919a27bdd9654cb96920d31871a68a68759cd1584db9d,eleve
Adrien-Xavier,Menard,Adrien-XavierMenard@cy-tech.fr,ed39e482ac3cc5e15e167be227a0a9f36c1c52c6a1243b5a5f48eb5af8ba9bfb,eleve
Marcel,Carlier,MarcelCarlier@cy-tech.fr,d4ed9daca640c062353f459eaa8764edad2e6e1b75691ff26d87ad3e5c462e0b,eleve
Zacharie,Muller,ZacharieMuller@cy-tech.fr,b04d8efb7f14b9b38cb1387225f6723e89a3f3b3f313993c2ebb1d599e0d7a03,eleve
Andrée,Mendes,AndréeMendes@cy-tech.fr,6e5bce82755a2eddc053594e004a7197187b8b0887662fec4ff388f265e6195b,eleve
Auguste,Clerc-Maillard,AugusteClerc-Maillard@cy-tech.fr,a8e70b79b5ae51022129b990f643302147336817f3a8b0265e81098d7cf81f92,eleve
Léon,Maillard,LéonMaillard@cy-tech.fr,c24849d7c5d60e74ea28bf5e60868cdf65e0ec5137283bf902e32634014358bd,eleve
Jeanne,Poulain,JeannePoulain@cy-tech.fr,30651fc72317549811eb65afb56f1393269f4e6e281ac7cc8f3d7ce79e08d503,eleve
François,Thomas,FrançoisThomas@cy-tech.fr,780b5fe2bca930a90d9a67bb7b1dec4d43b4fd3c41314df5c20e206c21eb39ea,eleve
André,Bouvier,AndréBouvier@cy-tech.fr,535288b70d5dd18819822c4596d7ac9bdc52b845d6fb2cdf2bc8439e7dfdb75f,eleve
Monique,Lecomte,MoniqueLecomte@cy-tech.fr,b1788a8182c610c44f432f5399fe5f3d07b07247ca69931cbb388bce41c3bb99,eleve
Gérard,Dufour,GérardDufour@cy-tech.fr,30d5dae9a273dd2dbff7c7effc4697829dacf510b78fdde05c4dfe91fd39aae4,eleve
William,Andre,WilliamAndre@cy-tech.fr,02fb779ce7e4c55b6554a1d2d4a600dfbc9b40423d13509fbcae08eb567dd047,eleve
Gabriel,Blanchet,GabrielBlanchet@cy-tech.fr,fad94703b6b87e7777809674bb49e1fb19080466f7c73a48294f0771171c8bba,eleve
Frédérique,Maillot-Guyot,FrédériqueMaillot-Guyot@cy-tech.fr,a3e1abcdd320e67ebe023f57daf8d8048dcd71b6ba19fdaa3bd5bd30503db195,eleve
Gilbert,Deschamps,GilbertDeschamps@cy-tech.fr,da7dc7c723617ab0de92f0ced3d66b1040ac78bd6af5b4e561ec38d947027384,eleve
Élisabeth,Blondel,ÉlisabethBlondel@cy-tech.fr,3d275b962f2de7e354a397c96f9fa18da54127762f87d1a94b311c804ebae610,eleve
Henriette-Marthe,Tanguy,Henriette-MartheTanguy@cy-tech.fr,b773078ba728200fe3afe476db6d2de95c5588e756bf50760297443fcf6372cf,eleve
Daniel,Guillon,DanielGuillon@cy-tech.fr,c144b4878cbf4a433f4ab46f03bb821e12d0173f50995a846e20402035e3caf7,eleve
Claude,Gimenez,ClaudeGimenez@cy-tech.fr,c18b73ce4f2c370913cbde85c4c51bfcb15267ad42f7e0f679bda9c49ea083a0,eleve
Victor,Hubert,VictorHubert@cy-tech.fr,77789c09a2d9bbf718f8a83ed12a0b7464fffb05443c2a530c237f22ab536e50,eleve
Astrid,Fischer,AstridFischer@cy-tech.fr,e6f99996fe6592f72f373ec44356c8dc30341b83fc65ce6186f72f9bc80c922a,eleve
Philippe,De,PhilippeDe@cy-tech.fr,2e7a170718904190f111f12ac86d4a3c29a32f7b108508dfc2abee4279c3786f,eleve
Éric,Rousset,ÉricRousset@cy-tech.fr,db3e8ce9016373623c2d67e85deccaaa3119107655a048a8e52e6e94c2a73511,eleve
Océane,Gauthier,OcéaneGauthier@cy-tech.fr,aadcaeba1bc6e68410c6e63aedbcd9b748ffe0f922b02aa3f95388715f7088a7,eleve
Jules,Cohen,JulesCohen@cy-tech.fr,f65b13fe738f9b13b5b7c7354fe673b68871019f83d7850df3b8b6a18202a36a,eleve
Patrick,Morin,PatrickMorin@cy-tech.fr,80bf486da8d875c56274ff09c83270e81983aa4392f292384ff7f294ea389c86,eleve
Augustin,David-Rey,AugustinDavid-Rey@cy-tech.fr,535640b5911952da3ac9589d2fe486e1d10bff87acd7b1677b0ca910a333c095,eleve
Dorothée,Albert,DorothéeAlbert@cy-tech.fr,120fb78f18bab496fc6af884c78895e17930bb47e9a8a5e425ec55408cb6b4bf,eleve
Christophe-Honoré,Mallet,Christophe-HonoréMallet@cy-tech.fr,f82671448a390ddc12c0738bbd41d441f89d0bc9918f056f5803420c06c53c09,eleve
Édouard,Leconte,ÉdouardLeconte@cy-tech.fr,537ae4d768b9375fc663feb066df14ae14eaa7d9d9074ef4370c39d388625942,eleve
Dominique,Leclerc,DominiqueLeclerc@cy-tech.fr,cd63bd5f8ac843b3b419fdc8edd1ecb8f3d79e8992299defba43ce05f82e5840,eleve
René,Picard,RenéPicard@cy-tech.fr,1cbbf4226e405ee1174be282bba6314a6b253d10a942f50c1c758f79fc083bfa,eleve
Jules,Arnaud,JulesArnaud@cy-tech.fr,7459837ae20397ea3abfe1e80e4789a5131a440d0fd186556cb8c672493f5929,eleve
Raymond-Édouard,Coulon,Raymond-ÉdouardCoulon@cy-tech.fr,7e84b495729531d50a3effd14196a2b36fc0e6da4b189801f260da2a73e9ac72,eleve
Joséphine,Martin,JoséphineMartin@cy-tech.fr,5033bd64ab203c070e9a763685e566c3a9a410faf256a428942099e24c7d8322,eleve
Nath,du,Nathdu@cy-tech.fr,3972102c9adc73d0d6343d1ba17965e4caadf5b0a0d8f3e591c013fbffdda84f,eleve
Anouk,Fournier,AnoukFournier@cy-tech.fr,4420c0331649fbccece403db86f6911c83ffe265bd70a6228b3f49c9239dee47,eleve
